Region,Year,Actual_Male,Actual_Female,Goal_Male,Goal_Female,Counter,Step Required Male,Step Required Female
Africa - Eastern Africa,1990,16.0360252632,14.1796394737,16.0360252632,14.1796394737,1,3.4984989474,3.5758483553
Africa - Eastern Africa,1991,24.9312221053,24.0578826316,19.5345242105,17.7554878289,2,,
Africa - Eastern Africa,1992,27.3758668421,25.1017952632,23.0330231579,21.3313361842,3,,
Africa - Eastern Africa,1993,22.4156342105,20.7178252632,26.5315221053,24.9071845395,4,,
Africa - Eastern Africa,1994,21.1979494444,19.5492761111,30.0300210526,28.4830328947,5,,
Africa - Eastern Africa,1995,13.1920961111,11.5186,33.52852,32.05888125,6,,
Africa - Eastern Africa,1996,11.8769088889,10.8703094444,37.0270189474,35.6347296053,7,,
Africa - Eastern Africa,1997,14.5560611111,14.3346961111,40.5255178947,39.2105779605,8,,
Africa - Eastern Africa,1998,19.4675457895,18.9722205263,44.0240168421,42.7864263158,9,,
Africa - Eastern Africa,1999,38.1259711111,35.211555,47.5225157895,46.3622746711,10,,
Africa - Eastern Africa,2000,32.7754641176,29.6066211765,51.0210147368,49.9381230263,11,,
Africa - Eastern Africa,2001,39.2749982353,35.7865558824,54.5195136842,53.5139713816,12,,
Africa - Eastern Africa,2002,46.6094258824,42.4106076471,58.0180126316,57.0898197368,13,,
Africa - Eastern Africa,2003,32.9660744444,30.2213905556,61.5165115789,60.6656680921,14,,
Africa - Eastern Africa,2004,46.543665,42.709675,65.0150105263,64.2415164474,15,,
Africa - Eastern Africa,2005,45.5228038889,40.6581627778,68.5135094737,67.8173648026,16,,
Africa - Eastern Africa,2006,32.514365625,29.744751875,72.0120084211,71.3932131579,17,,
Africa - Eastern Africa,2007,44.599025,41.4730192857,75.5105073684,74.9690615132,18,,
Africa - Eastern Africa,2008,45.562558,41.4214853333,79.0090063158,78.5449098684,19,,
Africa - Eastern Africa,2009,43.5684006667,42.2535766667,82.5075052632,82.1207582237,20,,
Africa - Eastern Africa,2010,40.501789375,40.98864625,86.0060042105,85.6966065789,21,,
Africa - Eastern Africa,2011,34.1573086667,32.2323233333,89.5045031579,89.2724549342,22,,
Africa - Eastern Africa,2012,44.7548853333,45.819044,93.0030021053,92.8483032895,23,,
Africa - Eastern Africa,2013,47.6921766667,48.1689672222,96.5015010526,96.4241516447,24,,
Africa - Eastern Africa,2014,47.6921766667,48.1689672222,100,100,25,,
Africa - Middle Africa,1990,20.7878566667,15.4156144444,20.7878566667,15.4156144444,1,3.3005059722,3.5243493981
Africa - Middle Africa,1991,27.8350455556,18.54826,24.0883626389,18.9399638426,2,,
Africa - Middle Africa,1992,23.4144355556,19.8322344444,27.3888686111,22.4643132407,3,,
Africa - Middle Africa,1993,14.6740055556,12.0594055556,30.6893745833,25.9886626389,4,,
Africa - Middle Africa,1994,21.9120055556,16.5150777778,33.9898805556,29.513012037,5,,
Africa - Middle Africa,1995,9.8785688889,8.16383,37.2903865278,33.0373614352,6,,
Africa - Middle Africa,1996,15.37769,14.0570044444,40.5908925,36.5617108333,7,,
Africa - Middle Africa,1997,10.3193866667,8.6547844444,43.8913984722,40.0860602315,8,,
Africa - Middle Africa,1998,10.3193866667,8.6547844444,47.1919044444,43.6104096296,9,,
Africa - Middle Africa,1999,21.03614,18.2968333333,50.4924104167,47.1347590278,10,,
Africa - Middle Africa,2000,17.194475,12.4509225,53.7929163889,50.6591084259,11,,
Africa - Middle Africa,2001,18.362362,14.380328,57.0934223611,54.1834578241,12,,
Africa - Middle Africa,2002,34.2496175,30.86306,60.3939283333,57.7078072222,13,,
Africa - Middle Africa,2003,36.8862433333,32.2305988889,63.6944343056,61.2321566204,14,,
Africa - Middle Africa,2004,41.7195985714,34.7629785714,66.9949402778,64.7565060185,15,,
Africa - Middle Africa,2005,29.7431111111,25.6392777778,70.29544625,68.2808554167,16,,
Africa - Middle Africa,2006,23.0431433333,17.87422,73.5959522222,71.8052048148,17,,
Africa - Middle Africa,2007,30.3049888889,26.7034933333,76.8964581944,75.329554213,18,,
Africa - Middle Africa,2008,48.5960422222,41.2610611111,80.1969641667,78.8539036111,19,,
Africa - Middle Africa,2009,54.8569744444,45.7280822222,83.4974701389,82.3782530093,20,,
Africa - Middle Africa,2010,55.7219555556,47.2603688889,86.7979761111,85.9026024074,21,,
Africa - Middle Africa,2011,62.2021033333,51.7669055556,90.0984820833,89.4269518056,22,,
Africa - Middle Africa,2012,47.928895,40.57766,93.3989880556,92.9513012037,23,,
Africa - Middle Africa,2013,25.4078911111,22.4116222222,96.6994940278,96.4756506019,24,,
Africa - Middle Africa,2014,18.5340911111,18.3939244444,100,100,25,,
Africa - Northern Africa,1990,38.11079,30.5935033333,38.11079,30.5935033333,1,2.5787170833,2.8919373611
Africa - Northern Africa,1991,35.7455616667,29.2678383333,40.6895070833,33.4854406944,2,,
Africa - Northern Africa,1992,22.74882,18.1570616667,43.2682241667,36.3773780556,3,,
Africa - Northern Africa,1993,35.2521366667,29.6684483333,45.84694125,39.2693154167,4,,
Africa - Northern Africa,1994,35.8909483333,30.8103283333,48.4256583333,42.1612527778,5,,
Africa - Northern Africa,1995,37.8531033333,33.05792,51.0043754167,45.0531901389,6,,
Africa - Northern Africa,1996,37.7795666667,33.7255916667,53.5830925,47.9451275,7,,
Africa - Northern Africa,1997,54.96286,49.4562783333,56.1618095833,50.8370648611,8,,
Africa - Northern Africa,1998,9.9782,7.6296633333,58.7405266667,53.7290022222,9,,
Africa - Northern Africa,1999,55.923485,51.859935,61.31924375,56.6209395833,10,,
Africa - Northern Africa,2000,55.55601,51.8933616667,63.8979608333,59.5128769444,11,,
Africa - Northern Africa,2001,56.4453883333,53.4212983333,66.4766779167,62.4048143056,12,,
Africa - Northern Africa,2002,57.332785,55.1338716667,69.055395,65.2967516667,13,,
Africa - Northern Africa,2003,58.9787133333,56.815175,71.6341120833,68.1886890278,14,,
Africa - Northern Africa,2004,60.9715233333,59.449445,74.2128291667,71.0806263889,15,,
Africa - Northern Africa,2005,63.1480533333,60.7065133333,76.79154625,73.97256375,16,,
Africa - Northern Africa,2006,53.456934,50.980136,79.3702633333,76.8645011111,17,,
Africa - Northern Africa,2007,63.7732733333,61.7421116667,81.9489804167,79.7564384722,18,,
Africa - Northern Africa,2008,43.992435,42.27835,84.5276975,82.6483758333,19,,
Africa - Northern Africa,2009,60.7269866667,59.9572216667,87.1064145833,85.5403131944,20,,
Africa - Northern Africa,2010,75.8130816667,72.3529383333,89.6851316667,88.4322505556,21,,
Africa - Northern Africa,2011,37.36871,36.363466,92.26384875,91.3241879167,22,,
Africa - Northern Africa,2012,61.7601516667,59.3674016667,94.8425658333,94.2161252778,23,,
Africa - Northern Africa,2013,68.8577683333,68.7223416667,97.4212829167,97.1080626389,24,,
Africa - Northern Africa,2014,16.9270933333,16.6202266667,100,100,25,,
Africa - Southern Africa,1990,36.24808,48.28495,36.24808,48.28495,1,2.65633,2.15479375
Africa - Southern Africa,1991,50.514488,64.11411,38.90441,50.43974375,2,,
Africa - Southern Africa,1992,50.228604,64.920682,41.56074,52.5945375,3,,
Africa - Southern Africa,1993,37.358436,47.928084,44.21707,54.74933125,4,,
Africa - Southern Africa,1994,52.37135,64.840372,46.8734,56.904125,5,,
Africa - Southern Africa,1995,39.724272,49.411822,49.52973,59.05891875,6,,
Africa - Southern Africa,1996,39.61702,48.192566,52.18606,61.2137125,7,,
Africa - Southern Africa,1997,22.275896,29.024958,54.84239,63.36850625,8,,
Africa - Southern Africa,1998,76.137272,86.573394,57.49872,65.5233,9,,
Africa - Southern Africa,1999,74.087102,83.451472,60.15505,67.67809375,10,,
Africa - Southern Africa,2000,74.010892,82.65268,62.81138,69.8328875,11,,
Africa - Southern Africa,2001,72.9325075,81.789285,65.46771,71.98768125,12,,
Africa - Southern Africa,2002,76.41843,85.445528,68.12404,74.142475,13,,
Africa - Southern Africa,2003,77.271366,85.93636,70.78037,76.29726875,14,,
Africa - Southern Africa,2004,77.822272,85.830974,73.4367,78.4520625,15,,
Africa - Southern Africa,2005,57.278396,66.111678,76.09303,80.60685625,16,,
Africa - Southern Africa,2006,60.437894,69.863654,78.74936,82.76165,17,,
Africa - Southern Africa,2007,45.995604,50.458508,81.40569,84.91644375,18,,
Africa - Southern Africa,2008,45.562538,52.200086,84.06202,87.0712375,19,,
Africa - Southern Africa,2009,61.442254,67.595202,86.71835,89.22603125,20,,
Africa - Southern Africa,2010,43.305636,49.147938,89.37468,91.380825,21,,
Africa - Southern Africa,2011,28.016314,31.798514,92.03101,93.53561875,22,,
Africa - Southern Africa,2012,63.695718,69.578112,94.68734,95.6904125,23,,
Africa - Southern Africa,2013,12.886148,16.784768,97.34367,97.84520625,24,,
Africa - Southern Africa,2014,12.886148,16.784768,100,100,25,,
Africa - Western Africa,1990,19.92405,11.878192,19.92405,11.878192,1,3.3364979167,3.671742
Africa - Western Africa,1991,17.634808,10.4968473333,23.2605479167,15.549934,2,,
Africa - Western Africa,1992,24.8823066667,15.264028,26.5970458333,19.221676,3,,
Africa - Western Africa,1993,13.336422,7.7433786667,29.93354375,22.893418,4,,
Africa - Western Africa,1994,22.8447366667,14.8822753333,33.2700416667,26.56516,5,,
Africa - Western Africa,1995,16.7779473333,9.43461,36.6065395833,30.236902,6,,
Africa - Western Africa,1996,19.4631653333,12.38865,39.9430375,33.908644,7,,
Africa - Western Africa,1997,14.5092906667,9.3437866667,43.2795354167,37.580386,8,,
Africa - Western Africa,1998,20.4372093333,15.2595946667,46.6160333333,41.252128,9,,
Africa - Western Africa,1999,26.2788014286,18.4766035714,49.95253125,44.92387,10,,
Africa - Western Africa,2000,40.610278,29.7424873333,53.2890291667,48.595612,11,,
Africa - Western Africa,2001,42.4951273333,32.0924706667,56.6255270833,52.267354,12,,
Africa - Western Africa,2002,39.8308185714,31.4491757143,59.962025,55.939096,13,,
Africa - Western Africa,2003,42.9876328571,34.6443635714,63.2985229167,59.610838,14,,
Africa - Western Africa,2004,51.3215271429,40.9010764286,66.6350208333,63.28258,15,,
Africa - Western Africa,2005,49.9846757143,42.1290007143,69.97151875,66.954322,16,,
Africa - Western Africa,2006,56.7968957143,48.44363,73.3080166667,70.626064,17,,
Africa - Western Africa,2007,50.8625261538,44.74676,76.6445145833,74.297806,18,,
Africa - Western Africa,2008,58.8026092857,50.933775,79.9810125,77.969548,19,,
Africa - Western Africa,2009,50.45205,43.9874973333,83.3175104167,81.64129,20,,
Africa - Western Africa,2010,54.9795664286,47.2267814286,86.6540083333,85.313032,21,,
Africa - Western Africa,2011,57.6091453846,52.0247207692,89.99050625,88.984774,22,,
Africa - Western Africa,2012,58.583896,53.9102013333,93.3270041667,92.656516,23,,
Africa - Western Africa,2013,58.7504853846,54.5791484615,96.6635020833,96.328258,24,,
Africa - Western Africa,2014,14.5480153333,14.298886,100,100,25,,
Americas - Caribbean,1990,9.5134513043,9.696853913,9.5134513043,9.696853913,1,3.7702728623,3.762631087
Americas - Caribbean,1991,13.4144247826,13.6079247826,13.2837241667,13.459485,2,,
Americas - Caribbean,1992,14.4601686957,12.863216087,17.053997029,17.222116087,3,,
Americas - Caribbean,1993,13.5290304348,13.2316447826,20.8242698913,20.9847471739,4,,
Americas - Caribbean,1994,13.5290304348,13.2316447826,24.5945427536,24.7473782609,5,,
Americas - Caribbean,1995,13.5290304348,13.2316447826,28.3648156159,28.5100093478,6,,
Americas - Caribbean,1996,3.7498021739,3.8877817391,32.1350884783,32.2726404348,7,,
Americas - Caribbean,1997,5.9629978261,6.0269334783,35.9053613406,36.0352715217,8,,
Americas - Caribbean,1998,5.9629978261,6.0269334783,39.6756342029,39.7979026087,9,,
Americas - Caribbean,1999,35.2488452381,37.327642381,43.4459070652,43.5605336957,10,,
Americas - Caribbean,2000,37.600412,39.7464215,47.2161799275,47.3231647826,11,,
Americas - Caribbean,2001,33.4528185,35.5009655,50.9864527899,51.0857958696,12,,
Americas - Caribbean,2002,44.4495840909,44.28204,54.7567256522,54.8484269565,13,,
Americas - Caribbean,2003,43.8573015,43.713516,58.5269985145,58.6110580435,14,,
Americas - Caribbean,2004,54.6460766667,54.2192285714,62.2972713768,62.3736891304,15,,
Americas - Caribbean,2005,56.1100135,54.352739,66.0675442391,66.1363202174,16,,
Americas - Caribbean,2006,37.1581313636,34.9291545455,69.8378171014,69.8989513043,17,,
Americas - Caribbean,2007,52.3032595,53.274989,73.6080899638,73.6615823913,18,,
Americas - Caribbean,2008,48.433135,48.673304,77.3783628261,77.4242134783,19,,
Americas - Caribbean,2009,47.944642381,46.3708861905,81.1486356884,81.1868445652,20,,
Americas - Caribbean,2010,52.64386,52.4517735,84.9189085507,84.9494756522,21,,
Americas - Caribbean,2011,32.4074805,34.2042975,88.689181413,88.7121067391,22,,
Americas - Caribbean,2012,24.0369985,24.104158,92.4594542754,92.4747378261,23,,
Americas - Caribbean,2013,28.990305,28.7877615,96.2297271377,96.237368913,24,,
Americas - Caribbean,2014,28.990305,28.7877615,100,100,25,,
Americas - Central America,1990,25.86148875,25.7774275,25.86148875,25.7774275,1,3.0891046354,3.0926071875
Americas - Central America,1991,25.86148875,25.7774275,28.9505933854,28.8700346875,2,,
Americas - Central America,1992,37.5350075,39.1061,32.0396980208,31.962641875,3,,
Americas - Central America,1993,43.0742175,46.01066,35.1288026563,35.0552490625,4,,
Americas - Central America,1994,35.80198125,38.42579375,38.2179072917,38.14785625,5,,
Americas - Central America,1995,55.13703875,57.06384125,41.3070119271,41.2404634375,6,,
Americas - Central America,1996,57.6570175,57.96186,44.3961165625,44.333070625,7,,
Americas - Central America,1997,20.548955,21.03501375,47.4852211979,47.4256778125,8,,
Americas - Central America,1998,18.5761175,18.11172125,50.5743258333,50.518285,9,,
Americas - Central America,1999,60.91699125,60.1202525,53.6634304688,53.6108921875,10,,
Americas - Central America,2000,73.24497,71.88238625,56.7525351042,56.703499375,11,,
Americas - Central America,2001,73.4289825,73.8433075,59.8416397396,59.7961065625,12,,
Americas - Central America,2002,62.51133875,62.4371725,62.930744375,62.88871375,13,,
Americas - Central America,2003,53.02588875,54.796975,66.0198490104,65.9813209375,14,,
Americas - Central America,2004,75.66308,75.4070942857,69.1089536458,69.073928125,15,,
Americas - Central America,2005,87.4501625,87.9558425,72.1980582813,72.1665353125,16,,
Americas - Central America,2006,87.86401375,88.4482225,75.2871629167,75.2591425,17,,
Americas - Central America,2007,77.93797625,79.611745,78.3762675521,78.3517496875,18,,
Americas - Central America,2008,89.24641375,91.43600375,81.4653721875,81.444356875,19,,
Americas - Central America,2009,82.2372125,83.30342375,84.5544768229,84.5369640625,20,,
Americas - Central America,2010,93.180315,94.031345,87.6435814583,87.62957125,21,,
Americas - Central America,2011,85.2143675,86.6629875,90.7326860938,90.7221784375,22,,
Americas - Central America,2012,85.99532,87.84980875,93.8217907292,93.814785625,23,,
Americas - Central America,2013,84.2205775,85.320265,96.9108953646,96.9073928125,24,,
Americas - Central America,2014,84.2205775,85.320265,100,100,25,,
Americas - Northern America,1990,31.2892433333,31.5339166667,31.2892433333,31.5339166667,1,2.8629481944,2.8527534722
Americas - Northern America,1991,31.2892433333,31.5339166667,34.1521915278,34.3866701389,2,,
Americas - Northern America,1992,31.2892433333,31.5339166667,37.0151397222,37.2394236111,3,,
Americas - Northern America,1993,31.2892433333,31.5339166667,39.8780879167,40.0921770833,4,,
Americas - Northern America,1994,31.2892433333,31.5339166667,42.7410361111,42.9449305556,5,,
Americas - Northern America,1995,31.2892433333,31.5339166667,45.6039843056,45.7976840278,6,,
Americas - Northern America,1996,31.2892433333,31.5339166667,48.4669325,48.6504375,7,,
Americas - Northern America,1997,31.2892433333,31.5339166667,51.3298806944,51.5031909722,8,,
Americas - Northern America,1998,31.2892433333,31.5339166667,54.1928288889,54.3559444444,9,,
Americas - Northern America,1999,31.76917,32.0340166667,57.0557770833,57.2086979167,10,,
Americas - Northern America,2000,32.4380133333,32.4844133333,59.9187252778,60.0614513889,11,,
Americas - Northern America,2001,24.65035,23.68421,62.7816734722,62.9142048611,12,,
Americas - Northern America,2002,25.1184825,26.1585375,65.6446216667,65.7669583333,13,,
Americas - Northern America,2003,24.459135,25.7462675,68.5075698611,68.6197118056,14,,
Americas - Northern America,2004,24.459135,25.7462675,71.3705180556,71.4724652778,15,,
Americas - Northern America,2005,24.459135,25.7462675,74.23346625,74.32521875,16,,
Americas - Northern America,2006,24.2763225,23.9714,77.0964144444,77.1779722222,17,,
Americas - Northern America,2007,24.2763225,23.9714,79.9593626389,80.0307256944,18,,
Americas - Northern America,2008,24.2763225,23.9714,82.8223108333,82.8834791667,19,,
Americas - Northern America,2009,24.2763225,23.9714,85.6852590278,85.7362326389,20,,
Americas - Northern America,2010,24.938875,25,88.5482072222,88.5889861111,21,,
Americas - Northern America,2011,24.390245,20.9068,91.4111554167,91.4417395833,22,,
Americas - Northern America,2012,24.213075,19.59799,94.2741036111,94.2944930556,23,,
Americas - Northern America,2013,22.4033825,22.0625,97.1370518056,97.1472465278,24,,
Americas - Northern America,2014,22.4033825,22.0625,100,100,25,,
Americas - South America,1990,24.716785,25.8957275,24.716785,25.8957275,1,3.136800625,3.0876780208
Americas - South America,1991,25.8129383333,25.7530683333,27.853585625,28.9834055208,2,,
Americas - South America,1992,36.9686072727,37.8742,30.99038625,32.0710835417,3,,
Americas - South America,1993,46.9102172727,47.3976018182,34.127186875,35.1587615625,4,,
Americas - South America,1994,43.0605236364,44.69859,37.2639875,38.2464395833,5,,
Americas - South America,1995,50.6947583333,50.5607766667,40.400788125,41.3341176042,6,,
Americas - South America,1996,50.9619041667,51.9974483333,43.53758875,44.421795625,7,,
Americas - South America,1997,45.0632483333,45.4639866667,46.674389375,47.5094736458,8,,
Americas - South America,1998,46.97295,46.9423233333,49.81119,50.5971516667,9,,
Americas - South America,1999,64.4400041667,64.922495,52.947990625,53.6848296875,10,,
Americas - South America,2000,70.4672854545,71.4540427273,56.08479125,56.7725077083,11,,
Americas - South America,2001,60.7805681818,59.7723554545,59.221591875,59.8601857292,12,,
Americas - South America,2002,61.3042572727,62.02202,62.3583925,62.94786375,13,,
Americas - South America,2003,60.44719,60.2848972727,65.495193125,66.0355417708,14,,
Americas - South America,2004,52.7502290909,53.7831836364,68.63199375,69.1232197917,15,,
Americas - South America,2005,63.8288425,66.60048,71.768794375,72.2108978125,16,,
Americas - South America,2006,73.9295716667,76.3421566667,74.905595,75.2985758333,17,,
Americas - South America,2007,72.9160583333,75.4065191667,78.042395625,78.3862538542,18,,
Americas - South America,2008,65.3687675,67.9328475,81.17919625,81.473931875,19,,
Americas - South America,2009,65.1250433333,67.4220858333,84.315996875,84.5616098958,20,,
Americas - South America,2010,66.1010858333,67.3917883333,87.4527975,87.6492879167,21,,
Americas - South America,2011,68.5358545455,70.8952372727,90.589598125,90.7369659375,22,,
Americas - South America,2012,60.4981654545,61.7056636364,93.72639875,93.8246439583,23,,
Americas - South America,2013,42.5192563636,43.7013863636,96.863199375,96.9123219792,24,,
Americas - South America,2014,42.5192563636,43.7013863636,100,100,25,,
Asia - Central Asia,1990,26.635395,27.5395425,26.635395,27.5395425,1,3.0568585417,3.0191857292
Asia - Central Asia,1991,26.635395,27.5395425,29.6922535417,30.5587282292,2,,
Asia - Central Asia,1992,26.635395,27.5395425,32.7491120833,33.5779139583,3,,
Asia - Central Asia,1993,26.635395,27.5395425,35.805970625,36.5970996875,4,,
Asia - Central Asia,1994,26.635395,27.5395425,38.8628291667,39.6162854167,5,,
Asia - Central Asia,1995,20.65643,21.066702,41.9196877083,42.6354711458,6,,
Asia - Central Asia,1996,20.65643,21.066702,44.97654625,45.654656875,7,,
Asia - Central Asia,1997,20.65643,21.066702,48.0334047917,48.6738426042,8,,
Asia - Central Asia,1998,20.65643,21.066702,51.0902633333,51.6930283333,9,,
Asia - Central Asia,1999,18.74784,18.680888,54.147121875,54.7122140625,10,,
Asia - Central Asia,2000,37.695328,37.634978,57.2039804167,57.7313997917,11,,
Asia - Central Asia,2001,58.598378,57.96066,60.2608389583,60.7505855208,12,,
Asia - Central Asia,2002,59.417516,58.454588,63.3176975,63.76977125,13,,
Asia - Central Asia,2003,57.713814,57.4093,66.3745560417,66.7889569792,14,,
Asia - Central Asia,2004,59.186172,59.140564,69.4314145833,69.8081427083,15,,
Asia - Central Asia,2005,60.82431,60.54382,72.488273125,72.8273284375,16,,
Asia - Central Asia,2006,61.047098,60.815042,75.5451316667,75.8465141667,17,,
Asia - Central Asia,2007,59.067452,58.441978,78.6019902083,78.8656998958,18,,
Asia - Central Asia,2008,58.767492,58.404364,81.65884875,81.884885625,19,,
Asia - Central Asia,2009,78.390536,77.21728,84.7157072917,84.9040713542,20,,
Asia - Central Asia,2010,78.896186,78.031956,87.7725658333,87.9232570833,21,,
Asia - Central Asia,2011,80.360164,79.049422,90.829424375,90.9424428125,22,,
Asia - Central Asia,2012,59.559124,59.14473,93.8862829167,93.9616285417,23,,
Asia - Central Asia,2013,41.013096,41.082446,96.9431414583,96.9808142708,24,,
Asia - Central Asia,2014,24.675175,24.43015,100,100,25,,
Asia - Eastern Asia,1990,33.6320716667,33.9187816667,33.6320716667,33.9187816667,1,2.7653303472,2.7533840972
Asia - Eastern Asia,1991,33.3781683333,33.5102783333,36.3974020139,36.6721657639,2,,
Asia - Eastern Asia,1992,34.94651,35.11676,39.1627323611,39.4255498611,3,,
Asia - Eastern Asia,1993,18.1348233333,18.2190416667,41.9280627083,42.1789339583,4,,
Asia - Eastern Asia,1994,35.0086766667,35.2084733333,44.6933930556,44.9323180556,5,,
Asia - Eastern Asia,1995,30.5293216667,31.5198383333,47.4587234028,47.6857021528,6,,
Asia - Eastern Asia,1996,27.9814266667,28.1394216667,50.22405375,50.43908625,7,,
Asia - Eastern Asia,1997,26.9724483333,27.8234933333,52.9893840972,53.1924703472,8,,
Asia - Eastern Asia,1998,48.056355,49.26455,55.7547144444,55.9458544444,9,,
Asia - Eastern Asia,1999,58.138198,59.462516,58.5200447917,58.6992385417,10,,
Asia - Eastern Asia,2000,48.4520616667,49.3652733333,61.2853751389,61.4526226389,11,,
Asia - Eastern Asia,2001,73.28436,74.36898,64.0507054861,64.2060067361,12,,
Asia - Eastern Asia,2002,73.2401125,74.1811375,66.8160358333,66.9593908333,13,,
Asia - Eastern Asia,2003,75.0502775,76.28091,69.5813661806,69.7127749306,14,,
Asia - Eastern Asia,2004,75.20893,74.98382,72.3466965278,72.4661590278,15,,
Asia - Eastern Asia,2005,74.131105,74.198155,75.112026875,75.219543125,16,,
Asia - Eastern Asia,2006,67.4828633333,66.5101166667,77.8773572222,77.9729272222,17,,
Asia - Eastern Asia,2007,68.8686333333,68.2890666667,80.6426875694,80.7263113194,18,,
Asia - Eastern Asia,2008,39.806084,39.224522,83.4080179167,83.4796954167,19,,
Asia - Eastern Asia,2009,100.0483866667,99.64438,86.1733482639,86.2330795139,20,,
Asia - Eastern Asia,2010,40.225294,40.016632,88.9386786111,88.9864636111,21,,
Asia - Eastern Asia,2011,59.67612,58.933878,91.7040089583,91.7398477083,22,,
Asia - Eastern Asia,2012,40.307254,39.830292,94.4693393056,94.4932318056,23,,
Asia - Eastern Asia,2013,41.756436,40.903268,97.2346696528,97.2466159028,24,,
Asia - Eastern Asia,2014,17.4815916667,17.346485,100,100,25,,
Asia - South-Eastern Asia,1990,8.0013972727,7.9731372727,8.0013972727,7.9731372727,1,3.8332751136,3.8344526136
Asia - South-Eastern Asia,1991,8.1219918182,8.0886245455,11.8346723864,11.8075898864,2,,
Asia - South-Eastern Asia,1992,4.1076681818,3.2465545455,15.6679475,15.6420425,3,,
Asia - South-Eastern Asia,1993,12.7634681818,11.9008609091,19.5012226136,19.4764951136,4,,
Asia - South-Eastern Asia,1994,4.9850954545,3.8552818182,23.3344977273,23.3109477273,5,,
Asia - South-Eastern Asia,1995,13.1631754545,11.9931590909,27.1677728409,27.1454003409,6,,
Asia - South-Eastern Asia,1996,14.3217590909,13.2429527273,31.0010479545,30.9798529545,7,,
Asia - South-Eastern Asia,1997,26.8017354545,24.6476463636,34.8343230682,34.8143055682,8,,
Asia - South-Eastern Asia,1998,40.356384,38.509972,38.6675981818,38.6487581818,9,,
Asia - South-Eastern Asia,1999,62.0373290909,58.8449063636,42.5008732955,42.4832107955,10,,
Asia - South-Eastern Asia,2000,45.477857,42.754649,46.3341484091,46.3176634091,11,,
Asia - South-Eastern Asia,2001,71.445145,68.452914,50.1674235227,50.1521160227,12,,
Asia - South-Eastern Asia,2002,65.0319445455,62.6814827273,54.0006986364,53.9865686364,13,,
Asia - South-Eastern Asia,2003,66.1019845455,63.6023281818,57.83397375,57.82102125,14,,
Asia - South-Eastern Asia,2004,57.3631354545,55.9447090909,61.6672488636,61.6554738636,15,,
Asia - South-Eastern Asia,2005,50.2569354545,50.0190427273,65.5005239773,65.4899264773,16,,
Asia - South-Eastern Asia,2006,50.5674822222,50.5179144444,69.3337990909,69.3243790909,17,,
Asia - South-Eastern Asia,2007,69.14823375,69.47176,73.1670742045,73.1588317045,18,,
Asia - South-Eastern Asia,2008,70.2492511111,70.2364755556,77.0003493182,76.9932843182,19,,
Asia - South-Eastern Asia,2009,69.1107677778,69.2982533333,80.8336244318,80.8277369318,20,,
Asia - South-Eastern Asia,2010,44.200808,44.098848,84.6668995455,84.6621895455,21,,
Asia - South-Eastern Asia,2011,46.442089,46.346963,88.5001746591,88.4966421591,22,,
Asia - South-Eastern Asia,2012,40.024272,39.923697,92.3334497727,92.3310947727,23,,
Asia - South-Eastern Asia,2013,44.5583254545,44.0500045455,96.1667248864,96.1655473864,24,,
Asia - South-Eastern Asia,2014,44.5583254545,44.0500045455,100,100,25,,
Asia - Southern Asia,1990,12.07538375,12.14607375,12.07538375,12.14607375,1,3.6635256771,3.6605802604
Asia - Southern Asia,1991,12.41852375,12.4231475,15.7389094271,15.8066540104,2,,
Asia - Southern Asia,1992,21.8699975,17.87494625,19.4024351042,19.4672342708,3,,
Asia - Southern Asia,1993,8.72169125,4.34016875,23.0659607813,23.1278145313,4,,
Asia - Southern Asia,1994,3.9799575,3.1211225,26.7294864583,26.7883947917,5,,
Asia - Southern Asia,1995,10.43783625,7.94734375,30.3930121354,30.4489750521,6,,
Asia - Southern Asia,1996,10.43783625,7.94734375,34.0565378125,34.1095553125,7,,
Asia - Southern Asia,1997,15.2917075,15.13558,37.7200634896,37.7701355729,8,,
Asia - Southern Asia,1998,18.67223,17.32082625,41.3835891667,41.4307158333,9,,
Asia - Southern Asia,1999,26.0711875,20.4784125,45.0471148438,45.0912960938,10,,
Asia - Southern Asia,2000,26.8208625,21.38210875,48.7106405208,48.7518763542,11,,
Asia - Southern Asia,2001,62.28576625,59.0885975,52.3741661979,52.4124566146,12,,
Asia - Southern Asia,2002,58.91381375,55.41985625,56.037691875,56.073036875,13,,
Asia - Southern Asia,2003,58.01534125,54.9935675,59.7012175521,59.7336171354,14,,
Asia - Southern Asia,2004,38.9123285714,36.6888042857,63.3647432292,63.3941973958,15,,
Asia - Southern Asia,2005,66.1878157143,62.0437214286,67.0282689063,67.0547776563,16,,
Asia - Southern Asia,2006,65.6386314286,61.9273871429,70.6917945833,70.7153579167,17,,
Asia - Southern Asia,2007,32.554746,30.086392,74.3553202604,74.3759381771,18,,
Asia - Southern Asia,2008,67.4486542857,67.3275528571,78.0188459375,78.0365184375,19,,
Asia - Southern Asia,2009,57.23588,57.5132571429,81.6823716146,81.6970986979,20,,
Asia - Southern Asia,2010,45.6408457143,46.52876,85.3458972917,85.3576789583,21,,
Asia - Southern Asia,2011,61.18957,61.4084914286,89.0094229688,89.0182592188,22,,
Asia - Southern Asia,2012,52.7661557143,53.2186685714,92.6729486458,92.6788394792,23,,
Asia - Southern Asia,2013,52.5704414286,52.7586971429,96.3364743229,96.3394197396,24,,
Asia - Southern Asia,2014,12.064515,13.3736875,100,100,25,,
Asia - Western Asia,1990,33.3154244444,31.9724111111,33.3154244444,31.9724111111,1,2.7785239815,2.8344828704
Asia - Western Asia,1991,36.2280316667,35.2292661111,36.0939484259,34.8068939815,2,,
Asia - Western Asia,1992,43.7881916667,42.1010727778,38.8724724074,37.6413768519,3,,
Asia - Western Asia,1993,45.1287038889,43.3029311111,41.6509963889,40.4758597222,4,,
Asia - Western Asia,1994,50.1598477778,48.9944811111,44.4295203704,43.3103425926,5,,
Asia - Western Asia,1995,47.6220472222,48.5915866667,47.2080443519,46.144825463,6,,
Asia - Western Asia,1996,48.9598416667,49.6559405556,49.9865683333,48.9793083333,7,,
Asia - Western Asia,1997,37.1007577778,37.0992905556,52.7650923148,51.8137912037,8,,
Asia - Western Asia,1998,35.5936983333,36.3234283333,55.5436162963,54.6482740741,9,,
Asia - Western Asia,1999,67.4811766667,65.1696911111,58.3221402778,57.4827569444,10,,
Asia - Western Asia,2000,59.672123125,58.39005,61.1006642593,60.3172398148,11,,
Asia - Western Asia,2001,53.840434375,51.396436875,63.8791882407,63.1517226852,12,,
Asia - Western Asia,2002,72.256154375,69.912023125,66.6577122222,65.9862055556,13,,
Asia - Western Asia,2003,79.521499375,76.166254375,69.4362362037,68.8206884259,14,,
Asia - Western Asia,2004,90.0119333333,85.228628,72.2147601852,71.6551712963,15,,
Asia - Western Asia,2005,85.6365947059,81.9747205882,74.9932841667,74.4896541667,16,,
Asia - Western Asia,2006,62.0798278571,62.265085,77.7718081481,77.324137037,17,,
Asia - Western Asia,2007,73.1557352941,72.5452364706,80.5503321296,80.1586199074,18,,
Asia - Western Asia,2008,76.7531193333,74.5734086667,83.3288561111,82.9931027778,19,,
Asia - Western Asia,2009,75.7709084615,74.1566438462,86.1073800926,85.8275856481,20,,
Asia - Western Asia,2010,88.7516418182,85.3593509091,88.8859040741,88.6620685185,21,,
Asia - Western Asia,2011,83.8268538462,82.7384053846,91.6644280556,91.4965513889,22,,
Asia - Western Asia,2012,85.3308657143,83.37881,94.442952037,94.3310342593,23,,
Asia - Western Asia,2013,56.5074,56.2497961538,97.2214760185,97.1655171296,24,,
Asia - Western Asia,2014,6.2737894444,6.715955,100,100,25,,
Europe - Eastern Europe,1990,26.924588,27.025727,26.924588,27.025727,1,3.0448088333,3.0405947083
Europe - Eastern Europe,1991,8.767848,9.162192,29.9693968333,30.0663217083,2,,
Europe - Eastern Europe,1992,18.419748,18.417047,33.0142056667,33.1069164167,3,,
Europe - Eastern Europe,1993,55.439402,55.999248,36.0590145,36.147511125,4,,
Europe - Eastern Europe,1994,57.719409,57.783611,39.1038233333,39.1881058333,5,,
Europe - Eastern Europe,1995,46.995594,46.597864,42.1486321667,42.2287005417,6,,
Europe - Eastern Europe,1996,39.366659,38.820661,45.193441,45.26929525,7,,
Europe - Eastern Europe,1997,38.452482,37.998382,48.2382498333,48.3098899583,8,,
Europe - Eastern Europe,1998,29.147551,29.060057,51.2830586667,51.3504846667,9,,
Europe - Eastern Europe,1999,67.291459,66.538184,54.3278675,54.391079375,10,,
Europe - Eastern Europe,2000,67.179507,66.786583,57.3726763333,57.4316740833,11,,
Europe - Eastern Europe,2001,69.359013,68.858757,60.4174851667,60.4722687917,12,,
Europe - Eastern Europe,2002,90.7212488889,90.13388,63.462294,63.5128635,13,,
Europe - Eastern Europe,2003,76.6304211111,75.7930677778,66.5071028333,66.5534582083,14,,
Europe - Eastern Europe,2004,77.0031577778,76.5774288889,69.5519116667,69.5940529167,15,,
Europe - Eastern Europe,2005,89.8419144444,88.9662711111,72.5967205,72.634647625,16,,
Europe - Eastern Europe,2006,87.3660822222,86.4347944444,75.6415293333,75.6752423333,17,,
Europe - Eastern Europe,2007,75.1873533333,74.6838055556,78.6863381667,78.7158370417,18,,
Europe - Eastern Europe,2008,76.911592,76.201263,81.731147,81.75643175,19,,
Europe - Eastern Europe,2009,77.609035,77.464211,84.7759558333,84.7970264583,20,,
Europe - Eastern Europe,2010,79.329143,79.492769,87.8207646667,87.8376211667,21,,
Europe - Eastern Europe,2011,80.227229,79.679207,90.8655735,90.878215875,22,,
Europe - Eastern Europe,2012,78.389362,78.3321,93.9103823333,93.9188105833,23,,
Europe - Eastern Europe,2013,79.188976,79.303124,96.9551911667,96.9594052917,24,,
Europe - Eastern Europe,2014,79.188976,79.303124,100,100,25,,
Europe - Northern Europe,1990,38.877,38.918237,38.877,38.918237,1,2.5467916667,2.5450734583
Europe - Northern Europe,1991,39.15065,39.157455,41.4237916667,41.4633104583,2,,
Europe - Northern Europe,1992,49.781921,49.972225,43.9705833333,44.0083839167,3,,
Europe - Northern Europe,1993,50.438073,50.689947,46.517375,46.553457375,4,,
Europe - Northern Europe,1994,39.885288,40.237723,49.0641666667,49.0985308333,5,,
Europe - Northern Europe,1995,37.352779,37.550822,51.6109583333,51.6436042917,6,,
Europe - Northern Europe,1996,28.862446,29.106044,54.15775,54.18867775,7,,
Europe - Northern Europe,1997,10.097839,9.751719,56.7045416667,56.7337512083,8,,
Europe - Northern Europe,1998,56.58177,57.550827,59.2513333333,59.2788246667,9,,
Europe - Northern Europe,1999,86.788979,86.423482,61.798125,61.823898125,10,,
Europe - Northern Europe,2000,87.794416,87.102296,64.3449166667,64.3689715833,11,,
Europe - Northern Europe,2001,91.162075,90.956835,66.8917083333,66.9140450417,12,,
Europe - Northern Europe,2002,91.489388,91.603712,69.4385,69.4591185,13,,
Europe - Northern Europe,2003,83.724798,83.132273,71.9852916667,72.0041919583,14,,
Europe - Northern Europe,2004,90.882795,90.436429,74.5320833333,74.5492654167,15,,
Europe - Northern Europe,2005,89.496324,88.379369,77.078875,77.094338875,16,,
Europe - Northern Europe,2006,86.6196488889,86.6553288889,79.6256666667,79.6394123333,17,,
Europe - Northern Europe,2007,87.02972,86.6735633333,82.1724583333,82.1844857917,18,,
Europe - Northern Europe,2008,86.4346577778,85.8470866667,84.71925,84.72955925,19,,
Europe - Northern Europe,2009,87.28369,86.05932,87.2660416667,87.2746327083,20,,
Europe - Northern Europe,2010,88.1449322222,87.1127411111,89.8128333333,89.8197061667,21,,
Europe - Northern Europe,2011,87.9770155556,87.2837055556,92.359625,92.364779625,22,,
Europe - Northern Europe,2012,78.985756,79.816663,94.9064166667,94.9098530833,23,,
Europe - Northern Europe,2013,70.320977,69.969831,97.4532083333,97.4549265417,24,,
Europe - Northern Europe,2014,70.320977,69.969831,100,100,25,,
Europe - Southern Europe,1990,21.2364214286,20.9244885714,21.2364214286,20.9244885714,1,3.2818157738,3.2948129762
Europe - Southern Europe,1991,13.5522664286,13.5292857143,24.5182372024,24.2193015476,2,,
Europe - Southern Europe,1992,20.915845,20.7990621429,27.8000529762,27.5141145238,3,,
Europe - Southern Europe,1993,14.0283271429,14.2437192857,31.08186875,30.8089275,4,,
Europe - Southern Europe,1994,21.2435528571,21.4096721429,34.3636845238,34.1037404762,5,,
Europe - Southern Europe,1995,26.3839064286,26.0289521429,37.6455002976,37.3985534524,6,,
Europe - Southern Europe,1996,32.9144928571,32.8129428571,40.9273160714,40.6933664286,7,,
Europe - Southern Europe,1997,33.5148942857,33.0296421429,44.2091318452,43.9881794048,8,,
Europe - Southern Europe,1998,20.0086428571,20.1039957143,47.490947619,47.282992381,9,,
Europe - Southern Europe,1999,34.69387,34.3984164286,50.7727633929,50.5778053571,10,,
Europe - Southern Europe,2000,41.1396007143,41.0364435714,54.0545791667,53.8726183333,11,,
Europe - Southern Europe,2001,41.4056457143,41.3834457143,57.3363949405,57.1674313095,12,,
Europe - Southern Europe,2002,37.4254723077,37.2695353846,60.6182107143,60.4622442857,13,,
Europe - Southern Europe,2003,44.9104230769,44.3934815385,63.9000264881,63.7570572619,14,,
Europe - Southern Europe,2004,50.3154441667,50.1463966667,67.1818422619,67.0518702381,15,,
Europe - Southern Europe,2005,37.05475,37.1416330769,70.4636580357,70.3466832143,16,,
Europe - Southern Europe,2006,45.5094961538,44.8360323077,73.7454738095,73.6414961905,17,,
Europe - Southern Europe,2007,57.6662816667,57.2924008333,77.0272895833,76.9363091667,18,,
Europe - Southern Europe,2008,57.5663083333,57.5000491667,80.3091053571,80.2311221429,19,,
Europe - Southern Europe,2009,63.4663158333,63.5923416667,83.590921131,83.525935119,20,,
Europe - Southern Europe,2010,70.5905045455,71.6976336364,86.8727369048,86.8207480952,21,,
Europe - Southern Europe,2011,84.875178,85.653597,90.1545526786,90.1155610714,22,,
Europe - Southern Europe,2012,87.670706,87.007988,93.4363684524,93.4103740476,23,,
Europe - Southern Europe,2013,26.86277,27.0064318182,96.7181842262,96.7051870238,24,,
Europe - Southern Europe,2014,26.86277,27.0064318182,100,100,25,,
Europe - Western Europe,1990,5.6584277778,5.7311222222,5.6584277778,5.7311222222,1,3.9308988426,3.9278699074
Europe - Western Europe,1991,14.4106577778,15.0989966667,9.5893266204,9.6589921296,2,,
Europe - Western Europe,1992,6.0678588889,6.1965333333,13.520225463,13.586862037,3,,
Europe - Western Europe,1993,17.5361744444,17.3930422222,17.4511243056,17.5147319444,4,,
Europe - Western Europe,1994,17.29691,17.1233866667,21.3820231481,21.4426018519,5,,
Europe - Western Europe,1995,10.3053655556,10.3224544444,25.3129219907,25.3704717593,6,,
Europe - Western Europe,1996,18.5403655556,18.6008766667,29.2438208333,29.2983416667,7,,
Europe - Western Europe,1997,10.7357455556,10.7608922222,33.1747196759,33.2262115741,8,,
Europe - Western Europe,1998,11.26785,11.2459666667,37.1056185185,37.1540814815,9,,
Europe - Western Europe,1999,49.41821125,49.6419575,41.0365173611,41.0819513889,10,,
Europe - Western Europe,2000,32.9292811111,33.1502455556,44.9674162037,45.0098212963,11,,
Europe - Western Europe,2001,37.472245,37.56936,48.8983150463,48.9376912037,12,,
Europe - Western Europe,2002,44.1753355556,44.1852111111,52.8292138889,52.8655611111,13,,
Europe - Western Europe,2003,42.1211411111,43.8646488889,56.7601127315,56.7934310185,14,,
Europe - Western Europe,2004,51.01371,49.7906775,60.6910115741,60.7213009259,15,,
Europe - Western Europe,2005,36.00934375,36.3657925,64.6219104167,64.6491708333,16,,
Europe - Western Europe,2006,58.65589375,61.07644,68.5528092593,68.5770407407,17,,
Europe - Western Europe,2007,60.4648325,61.305695,72.4837081019,72.5049106481,18,,
Europe - Western Europe,2008,60.73422875,60.7894,76.4146069444,76.4327805556,19,,
Europe - Western Europe,2009,52.6615144444,53.9141577778,80.345505787,80.360650463,20,,
Europe - Western Europe,2010,64.7521222222,64.5268344444,84.2764046296,84.2885203704,21,,
Europe - Western Europe,2011,59.5828525,60.21371875,88.2073034722,88.2163902778,22,,
Europe - Western Europe,2012,63.0866433333,63.4816366667,92.1382023148,92.1442601852,23,,
Europe - Western Europe,2013,35.604315,36.07901875,96.0691011574,96.0721300926,24,,
Europe - Western Europe,2014,35.604315,36.07901875,100,100,25,,
Oceania - Melanesia,1990,9.882692,8.11653,9.882692,8.11653,1,3.7548878333,3.8284779167
Oceania - Melanesia,1991,9.413936,7.876092,13.6375798333,11.9450079167,2,,
Oceania - Melanesia,1992,47.601844,45.46536,17.3924676667,15.7734858333,3,,
Oceania - Melanesia,1993,47.601844,45.46536,21.1473555,19.60196375,4,,
Oceania - Melanesia,1994,46.898944,44.219546,24.9022433333,23.4304416667,5,,
Oceania - Melanesia,1995,30.978804,30.051346,28.6571311667,27.2589195833,6,,
Oceania - Melanesia,1996,31.350136,29.943246,32.412019,31.0873975,7,,
Oceania - Melanesia,1997,31.456766,29.77511,36.1669068333,34.9158754167,8,,
Oceania - Melanesia,1998,49.778636,49.92275,39.9217946667,38.7443533333,9,,
Oceania - Melanesia,1999,19.958538,20.06723,43.6766825,42.57283125,10,,
Oceania - Melanesia,2000,49.14565,47.831716,47.4315703333,46.4013091667,11,,
Oceania - Melanesia,2001,52.348348,51.138076,51.1864581667,50.2297870833,12,,
Oceania - Melanesia,2002,32.267978,31.093486,54.941346,54.058265,13,,
Oceania - Melanesia,2003,12.549746,10.653374,58.6962338333,57.8867429167,14,,
Oceania - Melanesia,2004,39.908556,39.892636,62.4511216667,61.7152208333,15,,
Oceania - Melanesia,2005,39.908556,39.892636,66.2060095,65.54369875,16,,
Oceania - Melanesia,2006,22.18064,22.220226,69.9608973333,69.3721766667,17,,
Oceania - Melanesia,2007,16.32251,17.145098,73.7157851667,73.2006545833,18,,
Oceania - Melanesia,2008,36.776746,37.992998,77.470673,77.0291325,19,,
Oceania - Melanesia,2009,37.364568,38.460314,81.2255608333,80.8576104167,20,,
Oceania - Melanesia,2010,16.178888,17.350396,84.9804486667,84.6860883333,21,,
Oceania - Melanesia,2011,37.764676,37.912262,88.7353365,88.51456625,22,,
Oceania - Melanesia,2012,54.291578,52.51283,92.4902243333,92.3430441667,23,,
Oceania - Melanesia,2013,44.19914,45.6666625,96.2451121667,96.1715220833,24,,
Oceania - Melanesia,2014,44.19914,45.6666625,100,100,25,,
Oceania - Micronesia,1990,14.6063414286,14.7540985714,14.6063414286,14.7540985714,1,3.5580691071,3.5519125595
Oceania - Micronesia,1991,16.3216014286,16.1176671429,18.1644105357,18.306011131,2,,
Oceania - Micronesia,1992,16.7592128571,15.4487071429,21.7224796429,21.8579236905,3,,
Oceania - Micronesia,1993,15.7273914286,15.2551014286,25.28054875,25.40983625,4,,
Oceania - Micronesia,1994,15.7273914286,15.2551014286,28.8386178571,28.9617488095,5,,
Oceania - Micronesia,1995,15.70503,16.6045085714,32.3966869643,32.513661369,6,,
Oceania - Micronesia,1996,17.6160342857,18.1343042857,35.9547560714,36.0655739286,7,,
Oceania - Micronesia,1997,17.3406142857,19.1561971429,39.5128251786,39.6174864881,8,,
Oceania - Micronesia,1998,17.3406142857,19.1561971429,43.0708942857,43.1693990476,9,,
Oceania - Micronesia,1999,30.2954428571,27.7568357143,46.6289633929,46.7213116071,10,,
Oceania - Micronesia,2000,30.4489014286,26.8405357143,50.1870325,50.2732241667,11,,
Oceania - Micronesia,2001,29.1057514286,29.9067028571,53.7451016071,53.8251367262,12,,
Oceania - Micronesia,2002,31.55817,32.9111185714,57.3031707143,57.3770492857,13,,
Oceania - Micronesia,2003,32.57129,30.0319914286,60.8612398214,60.9289618452,14,,
Oceania - Micronesia,2004,16.4285714286,16.7103542857,64.4193089286,64.4808744048,15,,
Oceania - Micronesia,2005,33.6745742857,31.2024542857,67.9773780357,68.0327869643,16,,
Oceania - Micronesia,2006,33.1283914286,32.39194,71.5354471429,71.5846995238,17,,
Oceania - Micronesia,2007,50.20296,46.5037942857,75.09351625,75.1366120833,18,,
Oceania - Micronesia,2008,32.8497871429,32.7077328571,78.6515853571,78.6885246429,19,,
Oceania - Micronesia,2009,15.4285714286,15.7626214286,82.2096544643,82.2404372024,20,,
Oceania - Micronesia,2010,15.4285714286,15.7626214286,85.7677235714,85.7923497619,21,,
Oceania - Micronesia,2011,13.7026242857,14.8493014286,89.3257926786,89.3442623214,22,,
Oceania - Micronesia,2012,12.5819128571,14.5552557143,92.8838617857,92.896174881,23,,
Oceania - Micronesia,2013,14.96063,16.0714285714,96.4419308929,96.4480874405,24,,
Oceania - Micronesia,2014,13.8495085714,13.4085214286,100,100,25,,
Oceania - Polynesia,1990,16.8918925,14.99338,16.8918925,14.99338,1,3.4628378125,3.5419425
Oceania - Polynesia,1991,12.42126,11.8274975,20.3547303125,18.5353225,2,,
Oceania - Polynesia,1992,12.42126,11.8274975,23.817568125,22.077265,3,,
Oceania - Polynesia,1993,13.1374725,14.73105125,27.2804059375,25.6192075,4,,
Oceania - Polynesia,1994,13.1374725,14.73105125,30.74324375,29.16115,5,,
Oceania - Polynesia,1995,13.1374725,14.73105125,34.2060815625,32.7030925,6,,
Oceania - Polynesia,1996,13.1374725,14.73105125,37.668919375,36.245035,7,,
Oceania - Polynesia,1997,13.1374725,14.73105125,41.1317571875,39.7869775,8,,
Oceania - Polynesia,1998,38.005675,37.8729025,44.594595,43.32892,9,,
Oceania - Polynesia,1999,47.6991425,46.240865,48.0574328125,46.8708625,10,,
Oceania - Polynesia,2000,23.4936375,27.3732575,51.520270625,50.412805,11,,
Oceania - Polynesia,2001,70.23213625,70.14023625,54.9831084375,53.9547475,12,,
Oceania - Polynesia,2002,32.93388375,33.32862,58.44594625,57.49669,13,,
Oceania - Polynesia,2003,18.7044625,36.29299,61.9087840625,61.0386325,14,,
Oceania - Polynesia,2004,25.11612125,29.19034125,65.371621875,64.580575,15,,
Oceania - Polynesia,2005,26.43754125,27.42851125,68.8344596875,68.1225175,16,,
Oceania - Polynesia,2006,23.89299375,26.95647375,72.2972975,71.66446,17,,
Oceania - Polynesia,2007,15.6728514286,15.8869271429,75.7601353125,75.2064025,18,,
Oceania - Polynesia,2008,15.6728514286,15.8869271429,79.222973125,78.748345,19,,
Oceania - Polynesia,2009,13.4595,12.66158875,82.6858109375,82.2902875,20,,
Oceania - Polynesia,2010,26.1527225,25.4446075,86.14864875,85.83223,21,,
Oceania - Polynesia,2011,24.87052875,26.30973125,89.6114865625,89.3741725,22,,
Oceania - Polynesia,2012,38.54236,38.08280375,93.074324375,92.916115,23,,
Oceania - Polynesia,2013,36.47942125,37.20947875,96.5371621875,96.4580575,24,,
Oceania - Polynesia,2014,36.47942125,37.20947875,100,100,25,,
